id,nome,email,telefone,cidade,estado,data_cadastro
1,Janeva California,jcalifornia0@github.io,919-558-3498,Kamimaruko,,9/11/2025
2,Margaretha Eplate,meplate1@businessweek.com,725-750-3698,Monsanto,Castelo Branco,6/3/2025
3,Niall Ellerton,nellerton2@sakura.ne.jp,101-148-8590,Daohe,,3/26/2026
4,Lana Scorrer,lscorrer3@soundcloud.com,696-778-3566,Kauit,,4/29/2026
5,Enos Aston,easton4@intel.com,492-788-0686,Medellin,,10/4/2025
6,Binky Routham,broutham5@admin.ch,784-578-0381,Tianzhu,,9/29/2025
7,Ruthie Hegge,rhegge6@dot.gov,761-624-8336,Derzhavīnsk,,4/20/2026
8,Christie Clell,cclell7@vk.com,794-780-7922,Yangdu,,5/30/2025
9,Rollins Juszczyk,rjuszczyk8@barnesandnoble.com,672-596-6368,Daohe,,11/19/2025
10,Betsy Bottelstone,bbottelstone9@disqus.com,199-898-5194,Želešice,,9/25/2025
11,Nert Pietrusiak,npietrusiaka@scientificamerican.com,418-382-0187,Machala,,1/19/2026
12,Tam Stoeckle,tstoeckleb@globo.com,437-302-4314,Laiponda,,6/20/2025
13,Channa Lehrahan,clehrahanc@bravesites.com,537-300-1472,Huancarqui,,8/14/2025
14,Hall Tipler,htiplerd@amazon.co.jp,799-668-6289,Chenda,,7/1/2025
15,Collette Vallis,cvallise@stumbleupon.com,756-885-4968,Bongao,,12/3/2025
16,Rupert Despenser,rdespenserf@cbsnews.com,349-994-7963,Hongqi,,3/28/2026
17,Greer Depka,gdepkag@friendfeed.com,282-434-1888,Sawangan,,11/23/2025
18,Hermie Goforth,hgoforthh@blogs.com,620-861-0544,Darkton,,2/6/2026
19,Ezekiel Collcutt,ecollcutti@discovery.com,153-684-3905,Caofang,,8/28/2025
20,Otes Mathonnet,omathonnetj@pbs.org,689-515-4859,Cheongju-si,,8/26/2025
21,Emmery Legion,elegionk@webnode.com,994-668-9240,Kuantan,Pahang,12/26/2025
22,Lyn Chese,lchesel@vimeo.com,132-656-0868,Manhush,,8/2/2025
23,Jeniece Nazer,jnazerm@fc2.com,505-540-8384,Negotino,,3/2/2026
24,Eydie Jakobssen,ejakobssenn@cafepress.com,707-105-4300,Petaluma,California,5/18/2025
25,Johna Shepard,jshepardo@behance.net,230-132-1524,Fengjiang,,5/15/2025
26,Chic Iglesia,ciglesiap@t.co,675-706-1137,Gala,Coimbra,4/1/2026
27,Aurore Faulkner,afaulknerq@nifty.com,194-615-1193,Damaturu,,4/11/2026
28,Alberta Simmings,asimmingsr@nyu.edu,911-783-1166,Maojiadian,,1/25/2026
29,Gunter Wellard,gwellards@lycos.com,538-429-3629,Wangping,,12/27/2025
30,Davidson Slavin,dslavint@simplemachines.org,830-755-5887,Mafeng,,9/12/2025
31,Patrica Ricciardello,pricciardellou@nps.gov,452-108-7093,Quebrada de Arena,,3/17/2026
32,Juliane Moncreiffe,jmoncreiffev@sogou.com,804-771-5754,Tengrela,,9/25/2025
33,Ashlen Trethowan,atrethowanw@baidu.com,582-935-1131,Luopu,,1/28/2026
34,Beverlee Dunbabin,bdunbabinx@hostgator.com,139-347-9027,Forestville,Québec,6/25/2025
35,Rodrick Yakovitch,ryakovitchy@instagram.com,904-248-2198,Vân Canh,,7/8/2025
36,Quincy Dadge,qdadgez@addtoany.com,717-404-7019,Chrysó,,11/2/2025
37,Juline Dakhno,jdakhno10@bing.com,289-146-9899,Muruy,,10/28/2025
38,Meg Pocklington,mpocklington11@washington.edu,528-814-8337,London,England,4/5/2026
39,Gena Winchcomb,gwinchcomb12@phoca.cz,950-160-0818,Tarragona,Cataluna,6/3/2025
40,Cariotta Hargreave,chargreave13@qq.com,276-817-8611,Borek Wielkopolski,,10/14/2025
41,Georgianna Du Barry,gdu14@feedburner.com,328-191-8668,Dinan,Bretagne,10/28/2025
42,Fleur Bartels,fbartels15@live.com,828-920-1410,Iizuka,,11/24/2025
43,Rae Danaher,rdanaher16@yelp.com,330-885-4122,Neya,,7/18/2025
44,Lena McLaverty,lmclaverty17@wunderground.com,667-489-1279,Bununu Dass,,4/4/2026
45,Gustaf Di Iorio,gdi18@cdbaby.com,532-869-4259,Paris La Défense,Île-de-France,7/1/2025
46,Millisent Cornew,mcornew19@washingtonpost.com,556-667-1118,La Loma,Jalisco,10/12/2025
47,Mechelle Layhe,mlayhe1a@gmpg.org,159-360-3910,Oughterard,,12/6/2025
48,Dorian Murkin,dmurkin1b@360.cn,498-284-4107,Tiandu,,10/6/2025
49,Jamey Seppey,jseppey1c@google.cn,403-181-9401,San Quintin,,8/27/2025
50,Orelie Crosskell,ocrosskell1d@hibu.com,681-413-8474,Pinghu,,5/27/2025
51,Zachery McGrorty,zmcgrorty1e@example.com,533-369-7655,Srostki,,2/23/2026
52,Kerk Mellows,kmellows1f@ameblo.jp,759-629-1387,Pimenta Bueno,,7/24/2025
53,Star Skentelbury,sskentelbury1g@yandex.ru,637-636-7989,Quimbaya,,2/3/2026
54,Goraud Kershow,gkershow1h@yandex.ru,961-955-1896,Bilhó,Vila Real,9/18/2025
55,Ari Grebner,agrebner1i@yelp.com,158-688-5372,Namikupa,,9/6/2025
56,Pauly Elkins,pelkins1j@icio.us,717-778-7343,Voskresenskoye,,6/25/2025
57,Carina McKimmie,cmckimmie1k@biblegateway.com,611-844-5832,Jabłonowo Pomorskie,,4/14/2026
58,Hattie Kave,hkave1l@europa.eu,882-843-6176,Belz,,1/30/2026
59,Kordula Odeson,kodeson1m@tripadvisor.com,930-827-4841,Chocianów,,11/12/2025
60,Lena Le Pine,lle1n@cloudflare.com,743-109-5975,Skhodnya,,11/28/2025
61,Shannah Meers,smeers1o@eventbrite.com,168-480-4081,Avranches,Basse-Normandie,10/21/2025
62,Jayme Pearlman,jpearlman1p@cafepress.com,712-273-2330,Shendang,,8/6/2025
63,Elonore Harwell,eharwell1q@360.cn,383-333-9404,Rancapanjang,,10/5/2025
64,Fayre Zecchi,fzecchi1r@furl.net,594-245-1556,Łubowo,,8/21/2025
65,Eldin Wilcocks,ewilcocks1s@cdc.gov,732-219-8260,Zolochiv,,8/21/2025
66,Anabal Treadwell,atreadwell1t@bbb.org,261-510-4295,Quvasoy,,7/14/2025
67,Belvia Heaton,bheaton1u@indiatimes.com,155-664-8184,Yanwang,,1/30/2026
68,Kathie Foli,kfoli1v@furl.net,378-489-6007,Bielefeld,Nordrhein-Westfalen,1/14/2026
69,Frederic Pirelli,fpirelli1w@spiegel.de,387-870-2834,Ryglice,,4/8/2026
70,Chad Burhouse,cburhouse1x@weebly.com,347-758-4742,Heka,,9/12/2025
71,Avivah Filtness,afiltness1y@constantcontact.com,850-349-2834,Vendychany,,8/2/2025
72,Ianthe MacGuffie,imacguffie1z@4shared.com,492-802-0210,Szczecinek,,10/8/2025
73,Robby Winman,rwinman20@google.fr,623-711-6165,Kombapari,,7/22/2025
74,Borden Bachellier,bbachellier21@csmonitor.com,571-242-1099,Vienna,Virginia,4/20/2026
75,Lindsay Duns,lduns22@amazon.co.jp,240-214-1091,Naranjal,,4/9/2026
76,Carey Tinan,ctinan23@163.com,731-927-8228,Shizong,,7/13/2025
77,Gus Weall,gweall24@amazon.com,649-169-7162,Nerokoúros,,6/21/2025
78,Pepillo Presidey,ppresidey25@joomla.org,137-568-3423,Bamusso,,11/10/2025
79,Anett Castelow,acastelow26@twitter.com,566-919-8187,Pechora,,9/27/2025
80,Lauren Gretham,lgretham27@who.int,914-952-2343,Ḩarf al Musaytirah,,1/26/2026
81,Estele Chrispin,echrispin28@friendfeed.com,168-641-9282,Liuji,,11/16/2025
82,Amelie Kivlin,akivlin29@gmpg.org,849-411-1008,Santo Niño,,11/30/2025
83,Sile Layburn,slayburn2a@zimbio.com,221-169-1442,Yasynuvata,,3/17/2026
84,Dannye Flear,dflear2b@tamu.edu,965-297-0259,Zhoukou,,7/1/2025
85,Brigitta Bagniuk,bbagniuk2c@issuu.com,673-837-2542,Caçador,,1/2/2026
86,Nydia Brendeke,nbrendeke2d@google.com.hk,636-436-3043,San Rafael Oriente,,7/18/2025
87,Yovonnda Cloutt,ycloutt2e@squarespace.com,636-212-3196,Valka,,8/24/2025
88,Hetty Faithfull,hfaithfull2f@merriam-webster.com,546-500-9068,La Paz,,3/29/2026
89,Rex Phair,rphair2g@ox.ac.uk,710-553-4401,Hengling,,3/1/2026
90,Theressa McMenemy,tmcmenemy2h@nasa.gov,589-113-9227,Pīshvā,,2/14/2026
91,Christoper Spolton,cspolton2i@scientificamerican.com,679-483-7264,Qo’ng’irot Shahri,,10/2/2025
92,Omar Scripture,oscripture2j@desdev.cn,219-184-1181,Shuiche,,6/22/2025
93,Sherry Jakubovics,sjakubovics2k@goodreads.com,154-795-3999,Ciriri,,8/24/2025
94,Audie Stubbe,astubbe2l@unc.edu,809-567-3725,Shidu,,12/15/2025
95,Roby Sandercock,rsandercock2m@amazon.co.jp,126-939-0832,Belung Satu,,5/26/2025
96,Cilka Inston,cinston2n@amazon.de,573-689-1991,Woerden,Provincie Utrecht,10/9/2025
97,Paige Rimington,primington2o@cpanel.net,536-926-9937,Hola Prystan’,,1/10/2026
98,Hildegaard Cranch,hcranch2p@hugedomains.com,343-462-0349,Ariquemes,,10/16/2025
99,Andreas Peerless,apeerless2q@technorati.com,635-334-1011,Smederevo,,9/15/2025
100,Morena Pacher,mpacher2r@cloudflare.com,889-795-4936,Songgang,,10/15/2025
